method1,method2,accuracy,precision,recall,f1_score,jaccard,dice_coefficient,intersection_over_union,pixel_agreement,sklearn_kmeans_area,area_difference,area_ratio,true_negative,false_positive,false_negative,true_positive,time1,time2,time_diff,sklearn_dbscan_area,sklearn_meanshift_area,sklearn_gmm_area,skimage_felzenszwalb_area,skimage_slic_area,skimage_quickshift_area,skimage_watershed_area,skimage_random_walker_area,skimage_chan_vese_area,skimage_active_contour_area,skimage_threshold_otsu_area,skimage_threshold_niblack_area,skimage_threshold_sauvola_area,skimage_sobel_area,skimage_canny_area
sklearn_kmeans,sklearn_kmeans,1.0,1.0,1.0,1.0,1.0,0.999999999999988,0.999999999999976,1.0,418030.0,0,0.999999999999976,394514,0,0,418030,0.2684195041656494,0.2684195041656494,0.0,,,,,,,,,,,,,,,
sklearn_kmeans,sklearn_dbscan,0.44775667533081287,0.4697475082008579,0.570021290338014,0.5150492708263535,0.3468460338162001,0.515049270826348,0.34684603381619505,0.44775667533081287,418030.0,18446744073709462382,0.8240876545546141,125536,268978,179744,238286,0.2684195041656494,0.8800466060638428,0.6116271018981934,507264.0,,,,,,,,,,,,,,
sklearn_kmeans,sklearn_meanshift,0.508148481805293,0.5113814965686451,0.9877114082721336,0.6738706273761932,0.508148481805293,0.6738706273761876,0.5081484818052867,0.508148481805293,418030.0,18446744073709162239,0.5177438392285363,0,394514,5137,412893,0.2684195041656494,23.830256700515747,23.561837196350098,,807407.0,,,,,,,,,,,,,
sklearn_kmeans,sklearn_gmm,0.3175212665406427,0.2571322843947254,0.17287276032820612,0.20674719200773592,0.11529171519280165,0.20674719200773298,0.1152917151927998,0.3175212665406427,418030.0,136984,0.6723105997177075,185734,208780,345764,72266,0.2684195041656494,6.027456521987915,5.759037017822266,,,281046.0,,,,,,,,,,,,
sklearn_kmeans,skimage_felzenszwalb,0.4227672593730309,0.4654503573727177,0.8217448508480253,0.5942866040110548,0.4227651281596867,0.5942866040110497,0.4227651281596815,0.4227672593730309,418030.0,18446744073709231621,0.5664171267910901,3,394511,74516,343514,0.2684195041656494,0.6552712917327881,0.38685178756713867,,,,738025.0,,,,,,,,,,,
sklearn_kmeans,skimage_slic,0.4726414815689981,0.4932623885321632,0.9169892113006244,0.6414689246628067,0.4721783228282734,0.6414689246628013,0.47217832282826755,0.4726414815689981,418030.0,18446744073709192516,0.5379151493315077,713,393801,34701,383329,0.2684195041656494,0.421431303024292,0.15301179885864258,,,,,777130.0,,,,,,,,,,
sklearn_kmeans,skimage_quickshift,0.5115439902331443,0.5130454746311249,0.9943114130564792,0.6768496233500191,0.5115439902331443,0.6768496233500135,0.511543990233138,0.5115439902331443,418030.0,18446744073709159480,0.5159806755652482,0,394514,2378,415652,0.2684195041656494,2.789076328277588,2.5206568241119385,,,,,,810166.0,,,,,,,,,
sklearn_kmeans,skimage_watershed,0.5144681395715186,0.5144694058891724,0.9999952156543789,0.6794043745510218,0.5144681395715186,0.6794043745510163,0.5144681395715123,0.5144681395715186,418030.0,18446744073709157104,0.5144718673003916,0,394514,2,418028,0.2684195041656494,0.18480777740478516,0.08361172676086426,,,,,,,812542.0,,,,,,,,
sklearn_kmeans,skimage_random_walker,0.41506306120037806,0.4588920813930614,0.7644977633184221,0.5735244106301477,0.40205694012857446,0.5735244106301426,0.4020569401285694,0.41506306120037806,418030.0,18446744073709273223,0.6002530071522537,17674,376840,98447,319583,0.2684195041656494,9.849873542785645,9.581454038619995,,,,,,,,696423.0,,,,,,,
sklearn_kmeans,skimage_chan_vese,0.03777764650283554,0.055927428607697525,0.05480467909001746,0.05536036188423377,0.0284681854669354,0.05536036188423311,0.028468185466935046,0.03777764650283554,418030.0,8392,0.9799248857737248,7786,386728,395120,22910,0.2684195041656494,3.852895736694336,3.5844762325286865,,,,,,,,,409638.0,,,,,,
sklearn_kmeans,skimage_active_contour,0.39874886775362317,0.25361473147209895,0.08681434346817214,0.12935085765203833,0.06914757809135841,0.129350857652036,0.06914757809135709,0.39874886775362317,418030.0,274935,0.3423079683276238,287710,106804,381739,36291,0.2684195041656494,0.26811981201171875,0.00029969215393066406,,,,,,,,,,143095.0,,,,,
sklearn_kmeans,skimage_threshold_otsu,0.9646369919659735,0.9979967354206856,0.9331363777719303,0.9644773344278346,0.9313918144852237,0.9644773344278227,0.9313918144852015,0.9646369919659735,418030.0,27168,0.9350094490825793,393731,783,27951,390079,0.2684195041656494,0.003046274185180664,0.26537322998046875,,,,,,,,,,,390862.0,,,,
sklearn_kmeans,skimage_threshold_niblack,0.5687839673913043,0.5740740740740741,0.6270746118699615,0.5994050218715058,0.42796456593928667,0.5994050218714989,0.4279645659392797,0.5687839673913043,418030.0,18446744073709513022,0.9154796944531843,200026,194488,155894,262136,0.2684195041656494,0.02101421356201172,0.2474052906036377,,,,,,,,,,,,456624.0,,,
sklearn_kmeans,skimage_threshold_sauvola,0.5863620923913043,0.5605818388319449,0.9067913786091907,0.6928445638992132,0.5300399208574245,0.6928445638992069,0.5300399208574171,0.5863620923913043,418030.0,18446744073709293445,0.618203758941489,97379,297135,38964,379066,0.2684195041656494,0.02004694938659668,0.24837255477905273,,,,,,,,,,,,,676201.0,,
sklearn_kmeans,skimage_sobel,0.5329742143194707,0.8247384470239398,0.11710642776834199,0.20509146667169403,0.11426290691893481,0.20509146667168973,0.11426290691893215,0.5329742143194707,418030.0,358673,0.14199220151663416,384111,10403,369076,48954,0.2684195041656494,0.009891033172607422,0.258528470993042,,,,,,,,,,,,,,59357.0,
sklearn_kmeans,skimage_canny,0.5014928422337744,0.5820959758984291,0.11000406669377796,0.18503950473714814,0.10195235941504598,0.1850395047371444,0.10195235941504371,0.5014928422337744,418030.0,339031,0.1889792598617279,361500,33014,372045,45985,0.2684195041656494,0.03425455093383789,0.23416495323181152,,,,,,,,,,,,,,,78999.0
sklearn_dbscan,sklearn_kmeans,0.44775667533081287,0.570021290338014,0.4697475082008579,0.5150492708263535,0.3468460338162001,0.515049270826348,0.34684603381619505,0.44775667533081287,418030.0,89234,0.8240876545546141,125536,179744,268978,238286,0.8800466060638428,0.2684195041656494,0.6116271018981934,507264.0,,,,,,,,,,,,,,
sklearn_dbscan,sklearn_dbscan,1.0,1.0,1.0,1.0,1.0,0.9999999999999901,0.9999999999999802,1.0,,0,0.9999999999999802,305280,0,0,507264,0.8800466060638428,0.8800466060638428,0.0,507264.0,,,,,,,,,,,,,,
sklearn_dbscan,sklearn_meanshift,0.6179689961405167,0.6219007266471557,0.9898731232652032,0.7638823705702795,0.6179689961405167,0.7638823705702737,0.617968996140509,0.6179689961405167,,18446744073709251473,0.6282630693070456,0,305280,5137,502127,0.8800466060638428,23.830256700515747,22.950210094451904,507264.0,807407.0,,,,,,,,,,,,,
sklearn_dbscan,sklearn_gmm,0.43562194785759295,0.586608597880774,0.3250063083522584,0.4182719995940683,0.26443990337575346,0.418271999594063,0.26443990337574924,0.43562194785759295,,226218,0.5540428652535848,189098,116182,342400,164864,0.8800466060638428,6.027456521987915,5.147409915924072,507264.0,,281046.0,,,,,,,,,,,,
sklearn_dbscan,skimage_felzenszwalb,0.5477032628386893,0.5946803970055214,0.8652082544789301,0.7048789477783872,0.5442571924603175,0.7048789477783816,0.5442571924603107,0.5477032628386893,,18446744073709320855,0.6873263100843374,6144,299136,68375,438889,0.8800466060638428,0.6552712917327881,0.2247753143310547,507264.0,,,738025.0,,,,,,,,,,,
sklearn_dbscan,skimage_slic,0.6354806632010082,0.6358048203003358,0.9740549299772899,0.7693947495861861,0.6252165341627325,0.7693947495861801,0.6252165341627245,0.6354806632010082,,18446744073709281750,0.6527402107755375,22253,283027,13161,494103,0.8800466060638428,0.421431303024292,0.4586153030395508,507264.0,,,,777130.0,,,,,,,,,,
sklearn_dbscan,skimage_quickshift,0.6238505237870196,0.6244349923349042,0.9973031794095383,0.7680043721488049,0.6233823844718768,0.768004372148799,0.623382384471869,0.6238505237870196,,18446744073709248714,0.6261235351767338,1010,304270,1368,505896,0.8800466060638428,2.789076328277588,1.9090297222137451,507264.0,,,,,810166.0,,,,,,,,,
sklearn_dbscan,skimage_watershed,0.6242886539067423,0.624290190537843,0.9999960572798385,0.7686917622741524,0.6242886539067423,0.7686917622741466,0.6242886539067346,0.6242886539067423,,18446744073709246338,0.6242926519490608,0,305280,2,507262,0.8800466060638428,0.18480777740478516,0.6952388286590576,507264.0,,,,,,812542.0,,,,,,,,
sklearn_dbscan,skimage_random_walker,0.5730926571361059,0.6151476904122926,0.844536572672218,0.7118179393812512,0.5525755723064064,0.7118179393812452,0.5525755723063993,0.5730926571361059,,18446744073709362457,0.7283849040022985,37260,268020,78861,428403,0.8800466060638428,9.849873542785645,8.969826936721802,507264.0,,,,,,,696423.0,,,,,,,
sklearn_dbscan,skimage_chan_vese,0.5527306828922496,0.6755672081203404,0.5455502460257381,0.6036370299115936,0.43229235008529066,0.603637029911587,0.4322923500852839,0.5527306828922496,,97626,0.8075440007569863,172380,132900,230526,276738,0.8800466060638428,3.852895736694336,2.972849130630493,507264.0,,,,,,,,409638.0,,,,,,
sklearn_dbscan,skimage_active_contour,0.4113168025362319,0.601097173206611,0.16956456598536462,0.26451236932217437,0.15241386031594148,0.2645123693221703,0.1524138603159388,0.4113168025362319,,364169,0.28209177075447334,248199,57081,421250,86014,0.8800466060638428,0.26811981201171875,0.611926794052124,507264.0,,,,,,,,,143095.0,,,,,
sklearn_dbscan,skimage_threshold_otsu,0.45302654379332075,0.5803659603645276,0.44718923479687106,0.5051473846654033,0.3379245415122981,0.5051473846653977,0.33792454151229306,0.45302654379332075,,116402,0.7705297438808831,141261,164019,280421,226843,0.8800466060638428,0.003046274185180664,0.8770003318786621,507264.0,,,,,,,,,,390862.0,,,,
sklearn_dbscan,skimage_threshold_niblack,0.5071159223377442,0.6169167630260346,0.5553301633863235,0.5845056687083977,0.41293395232113095,0.5845056687083916,0.4129339523211249,0.5071159223377442,,50640,0.9001703255109588,130355,174925,225565,281699,0.8800466060638428,0.02101421356201172,0.859032392501831,507264.0,,,,,,,,,,,456624.0,,,
sklearn_dbscan,skimage_threshold_sauvola,0.6294809881064902,0.6524701974708703,0.869766038985617,0.7456088688723368,0.5943990278391516,0.7456088688723305,0.5943990278391436,0.6294809881064902,,18446744073709382679,0.7501674797878035,70280,235000,66063,441201,0.8800466060638428,0.02004694938659668,0.8599996566772461,507264.0,,,,,,,,,,,,676201.0,,
sklearn_dbscan,skimage_sobel,0.32920678757088845,0.18171403541284095,0.02126308983093616,0.038071303393273456,0.019405039265249578,0.03807130339327278,0.01940503926524923,0.32920678757088845,,447907,0.11701402031289196,256709,48571,496478,10786,0.8800466060638428,0.009891033172607422,0.8701555728912354,507264.0,,,,,,,,,,,,,59357.0,
sklearn_dbscan,skimage_canny,0.3496807557498425,0.36614387523892705,0.05702159033560434,0.09867585025833116,0.05189848888825094,0.09867585025832948,0.05189848888825,0.3496807557498425,,428265,0.155735475018922,255206,50074,478339,28925,0.8800466060638428,0.03425455093383789,0.8457920551300049,507264.0,,,,,,,,,,,,,,78999.0
sklearn_meanshift,sklearn_kmeans,0.508148481805293,0.9877114082721336,0.5113814965686451,0.6738706273761932,0.508148481805293,0.6738706273761876,0.5081484818052867,0.508148481805293,418030.0,389377,0.5177438392285363,0,5137,394514,412893,23.830256700515747,0.2684195041656494,23.561837196350098,,807407.0,,,,,,,,,,,,,
sklearn_meanshift,sklearn_dbscan,0.6179689961405167,0.9898731232652032,0.6219007266471557,0.7638823705702795,0.6179689961405167,0.7638823705702737,0.617968996140509,0.6179689961405167,,300143,0.6282630693070456,0,5137,305280,502127,23.830256700515747,0.8800466060638428,22.950210094451904,507264.0,807407.0,,,,,,,,,,,,,
sklearn_meanshift,sklearn_meanshift,1.0,1.0,1.0,1.0,1.0,0.9999999999999938,0.9999999999999876,1.0,,0,0.9999999999999876,5137,0,0,807407,23.830256700515747,23.830256700515747,0.0,,807407.0,,,,,,,,,,,,,
sklearn_meanshift,sklearn_gmm,0.35220615745116574,1.0,0.3480846710518982,0.5164136623262557,0.3480846710518982,0.516413662326251,0.34808467105189395,0.35220615745116574,,526361,0.34808467105189395,5137,0,526361,281046,23.830256700515747,6.027456521987915,17.802800178527832,,807407.0,281046.0,,,,,,,,,,,,
sklearn_meanshift,skimage_felzenszwalb,0.914611393352237,1.0,0.9140681217774926,0.9551051097686601,0.9140681217774926,0.9551051097686539,0.9140681217774813,0.914611393352237,,69382,0.9140681217774813,5137,0,69382,738025,23.830256700515747,0.6552712917327881,23.17498540878296,,807407.0,,738025.0,,,,,,,,,,,
sklearn_meanshift,skimage_slic,0.950093779536862,0.9933897803456307,0.9561386017213128,0.9744082971871278,0.950093779536862,0.9744082971871217,0.9500937795368503,0.950093779536862,,30277,0.9625009443811985,0,5137,35414,771993,23.830256700515747,0.421431303024292,23.408825397491455,,807407.0,,,777130.0,,,,,,,,,,
sklearn_meanshift,skimage_quickshift,0.9907512700850661,0.9936593241385099,0.9970547691560762,0.9953541509409467,0.9907512700850661,0.9953541509409406,0.9907512700850539,0.9907512700850661,,18446744073709548857,0.9965945250726271,0,5137,2378,805029,23.830256700515747,2.789076328277588,21.04118037223816,,807407.0,,,,810166.0,,,,,,,,,
sklearn_meanshift,skimage_watershed,0.9936754194234405,0.9936778652672723,0.9999975229345299,0.9968276779083786,0.9936754194234405,0.9968276779083725,0.9936754194234282,0.9936754194234405,,18446744073709546481,0.9936803266784856,0,5137,2,807405,23.830256700515747,0.18480777740478516,23.645448923110962,,807407.0,,,,,812542.0,,,,,,,,
sklearn_meanshift,skimage_random_walker,0.8507674661310649,0.9926237358616817,0.8561803402744836,0.9193672157092224,0.8507674661310649,0.9193672157092163,0.8507674661310545,0.8507674661310649,,110984,0.8625426829343706,0,5137,116121,691286,23.830256700515747,9.849873542785645,13.980383157730103,,807407.0,,,,,,696423.0,,,,,,,
sklearn_meanshift,skimage_chan_vese,0.5104646640674229,1.0,0.5073500725160917,0.67316820659877,0.5073500725160917,0.6731682065987644,0.5073500725160853,0.5104646640674229,,397769,0.5073500725160853,5137,0,397769,409638,23.830256700515747,3.852895736694336,19.97736096382141,,807407.0,,,,,,,409638.0,,,,,,
sklearn_meanshift,skimage_active_contour,0.18242950535601765,1.0,0.1772278417204706,0.3010935274202474,0.1772278417204706,0.30109352742024426,0.1772278417204684,0.18242950535601765,,664312,0.1772278417204684,5137,0,664312,143095,23.830256700515747,0.26811981201171875,23.56213688850403,,807407.0,,,,,,,,143095.0,,,,,
sklearn_meanshift,skimage_threshold_otsu,0.47471275401701324,0.9868572539668732,0.4777330392230932,0.6438036868182353,0.47471275401701324,0.64380368681823,0.4747127540170074,0.47471275401701324,,416545,0.48409538188298484,0,5137,421682,385725,23.830256700515747,0.003046274185180664,23.827210426330566,,807407.0,,,,,,,,,390862.0,,,,
sklearn_meanshift,skimage_threshold_niblack,0.5612656053087587,0.9937497810014366,0.5620089991788528,0.7179728978165884,0.560029422618144,0.7179728978165827,0.5600294226181372,0.5612656053087587,,350783,0.5655437716046484,2283,2854,353637,453770,23.830256700515747,0.02101421356201172,23.809242486953735,,807407.0,,,,,,,,,,456624.0,,,
sklearn_meanshift,skimage_threshold_sauvola,0.8258801984877127,0.9924031464017355,0.8311347313065158,0.9046378827830532,0.8258801984877127,0.9046378827830471,0.8258801984877024,0.8258801984877127,,131206,0.837497073966403,0,5137,136343,671064,23.830256700515747,0.02004694938659668,23.81020975112915,,807407.0,,,,,,,,,,,676201.0,,
sklearn_meanshift,skimage_sobel,0.07937293241965973,1.0,0.07351558755373684,0.13696231038667964,0.07351558755373684,0.13696231038667805,0.07351558755373593,0.07937293241965973,,748050,0.07351558755373593,5137,0,748050,59357,23.830256700515747,0.009891033172607422,23.82036566734314,,807407.0,,,,,,,,,,,,59357.0,
sklearn_meanshift,skimage_canny,0.10354639256458727,1.0,0.09784284753538178,0.17824563461889925,0.09784284753538178,0.17824563461889723,0.09784284753538057,0.10354639256458727,,728408,0.09784284753538057,5137,0,728408,78999,23.830256700515747,0.03425455093383789,23.79600214958191,,807407.0,,,,,,,,,,,,,78999.0
sklearn_gmm,sklearn_kmeans,0.3175212665406427,0.17287276032820612,0.2571322843947254,0.20674719200773592,0.11529171519280165,0.20674719200773298,0.1152917151927998,0.3175212665406427,418030.0,18446744073709414632,0.6723105997177075,185734,345764,208780,72266,6.027456521987915,0.2684195041656494,5.759037017822266,,,281046.0,,,,,,,,,,,,
sklearn_gmm,sklearn_dbscan,0.43562194785759295,0.3250063083522584,0.586608597880774,0.4182719995940683,0.26443990337575346,0.418271999594063,0.26443990337574924,0.43562194785759295,,18446744073709325398,0.5540428652535848,189098,342400,116182,164864,6.027456521987915,0.8800466060638428,5.147409915924072,507264.0,,281046.0,,,,,,,,,,,,
sklearn_gmm,sklearn_meanshift,0.35220615745116574,0.3480846710518982,1.0,0.5164136623262557,0.3480846710518982,0.516413662326251,0.34808467105189395,0.35220615745116574,,18446744073709025255,0.34808467105189395,5137,526361,0,281046,6.027456521987915,23.830256700515747,17.802800178527832,,807407.0,281046.0,,,,,,,,,,,,
sklearn_gmm,sklearn_gmm,1.0,1.0,1.0,1.0,1.0,0.9999999999999822,0.9999999999999644,1.0,,0,0.9999999999999644,531498,0,0,281046,6.027456521987915,6.027456521987915,0.0,,,281046.0,,,,,,,,,,,,
sklearn_gmm,skimage_felzenszwalb,0.4375947640989288,0.3808082382033129,1.0,0.5515729522280587,0.3808082382033129,0.5515729522280532,0.3808082382033077,0.4375947640989288,,18446744073709094637,0.3808082382033077,74519,456979,0,281046,6.027456521987915,0.6552712917327881,5.372185230255127,,,281046.0,738025.0,,,,,,,,,,,
sklearn_gmm,skimage_slic,0.3714358853182105,0.35221906244772433,0.9739330928033133,0.5173430506834402,0.3489297041516669,0.5173430506834353,0.3489297041516624,0.3714358853182105,,18446744073709055532,0.3616460566443148,28088,503410,7326,273720,6.027456521987915,0.421431303024292,5.606025218963623,,,281046.0,,777130.0,,,,,,,,,,
sklearn_gmm,skimage_quickshift,0.34881064902331443,0.34689927743203247,1.0,0.5151079716865283,0.34689927743203247,0.5151079716865237,0.34689927743202814,0.34881064902331443,,18446744073709022496,0.34689927743202814,2378,529120,0,281046,6.027456521987915,2.789076328277588,3.238380193710327,,,281046.0,,,810166.0,,,,,,,,,
sklearn_gmm,skimage_watershed,0.3458864996849401,0.3458848896426277,1.0,0.513988814800455,0.3458848896426277,0.5139888148004503,0.3458848896426234,0.3458864996849401,,18446744073709020120,0.3458848896426234,2,531496,0,281046,6.027456521987915,0.18480777740478516,5.84264874458313,,,281046.0,,,,812542.0,,,,,,,,
sklearn_gmm,skimage_random_walker,0.41397512011657217,0.3599091356833419,0.8918433281384542,0.5128530930392677,0.34485704851269916,0.5128530930392625,0.3448570485126944,0.41397512011657217,,18446744073709136239,0.4035564592208987,85724,445774,30397,250649,6.027456521987915,9.849873542785645,3.8224170207977295,,,281046.0,,,,,696423.0,,,,,,,
sklearn_gmm,skimage_chan_vese,0.6637302103024575,0.5095352481947476,0.7426720181037979,0.6044008548048022,0.43307625752398027,0.6044008548047934,0.4330762575239713,0.6637302103024575,,18446744073709423024,0.6860838105839623,330585,200913,72321,208725,6.027456521987915,3.852895736694336,2.174560785293579,,,281046.0,,,,,,409638.0,,,,,,
sklearn_gmm,skimage_active_contour,0.5545287393667296,0.21725427163772318,0.11061534410737033,0.14659276042636765,0.07909365912485085,0.14659276042636418,0.07909365912484884,0.5545287393667296,,137951,0.509151526796307,419491,112007,249958,31088,6.027456521987915,0.26811981201171875,5.759336709976196,,,281046.0,,,,,,,143095.0,,,,,
sklearn_gmm,skimage_threshold_otsu,0.3523476882482672,0.18633430724910582,0.25914263145534894,0.2167886079641856,0.12157201828813324,0.21678860796418234,0.12157201828813122,0.3523476882482672,,18446744073709441800,0.7190415031391969,213467,318031,208215,72831,6.027456521987915,0.003046274185180664,6.024410247802734,,,281046.0,,,,,,,,390862.0,,,,
sklearn_gmm,skimage_threshold_niblack,0.5180125630119723,0.3789047443848768,0.615618083872391,0.46909051472880825,0.30641296513079713,0.4690905147288019,0.3064129651307917,0.5180125630119723,,18446744073709376038,0.6154867024072187,247891,283607,108029,173017,6.027456521987915,0.02101421356201172,6.006442308425903,,,281046.0,,,,,,,,,456624.0,,,
sklearn_gmm,skimage_threshold_sauvola,0.3394929997637051,0.3109696673030652,0.7481978039182198,0.4393390629586721,0.2815083356872909,0.43933906295866754,0.2815083356872871,0.3394929997637051,,18446744073709156461,0.4156249399217035,65575,465923,70768,210278,6.027456521987915,0.02004694938659668,6.007409572601318,,,281046.0,,,,,,,,,,676201.0,,
sklearn_gmm,skimage_sobel,0.6314919561279143,0.3451488451235743,0.07289554023184816,0.12036909192927207,0.06403868515485314,0.12036909192926853,0.06403868515485114,0.6314919561279143,,221689,0.21120030172995838,492628,38870,260559,20487,6.027456521987915,0.009891033172607422,6.017565488815308,,,281046.0,,,,,,,,,,,59357.0,
sklearn_gmm,skimage_canny,0.6403973200220542,0.42944847403131686,0.12071333518356425,0.18845422100015277,0.10402951070008187,0.18845422100014753,0.10402951070007868,0.6403973200220542,,202047,0.281089216711845,486425,45073,247120,33926,6.027456521987915,0.03425455093383789,5.993201971054077,,,281046.0,,,,,,,,,,,,78999.0
skimage_felzenszwalb,sklearn_kmeans,0.4227672593730309,0.8217448508480253,0.4654503573727177,0.5942866040110548,0.4227651281596867,0.5942866040110497,0.4227651281596815,0.4227672593730309,418030.0,319995,0.5664171267910901,3,74516,394511,343514,0.6552712917327881,0.2684195041656494,0.38685178756713867,,,,738025.0,,,,,,,,,,,
skimage_felzenszwalb,sklearn_dbscan,0.5477032628386893,0.8652082544789301,0.5946803970055214,0.7048789477783872,0.5442571924603175,0.7048789477783816,0.5442571924603107,0.5477032628386893,,230761,0.6873263100843374,6144,68375,299136,438889,0.6552712917327881,0.8800466060638428,0.2247753143310547,507264.0,,,738025.0,,,,,,,,,,,
skimage_felzenszwalb,sklearn_meanshift,0.914611393352237,0.9140681217774926,1.0,0.9551051097686601,0.9140681217774926,0.9551051097686539,0.9140681217774813,0.914611393352237,,18446744073709482234,0.9140681217774813,5137,69382,0,738025,0.6552712917327881,23.830256700515747,23.17498540878296,,807407.0,,738025.0,,,,,,,,,,,
skimage_felzenszwalb,sklearn_gmm,0.4375947640989288,1.0,0.3808082382033129,0.5515729522280587,0.3808082382033129,0.5515729522280532,0.3808082382033077,0.4375947640989288,,456979,0.3808082382033077,74519,0,456979,281046,0.6552712917327881,6.027456521987915,5.372185230255127,,,281046.0,738025.0,,,,,,,,,,,
skimage_felzenszwalb,skimage_felzenszwalb,1.0,1.0,1.0,1.0,1.0,0.9999999999999932,0.9999999999999865,1.0,,0,0.9999999999999865,74519,0,0,738025,0.6552712917327881,0.6552712917327881,0.0,,,,738025.0,,,,,,,,,,,
skimage_felzenszwalb,skimage_slic,0.8781149082388153,0.9111204045655167,0.9593970393956844,0.9346357303378202,0.8772921684657091,0.934635730337814,0.8772921684656982,0.8781149082388153,,18446744073709512511,0.9496802336803244,5448,69071,29966,708059,0.6552712917327881,0.421431303024292,0.2338399887084961,,,,738025.0,777130.0,,,,,,,,,,
skimage_felzenszwalb,skimage_quickshift,0.9092541450063012,0.9099715366974176,0.9989200907828326,0.9523734474622317,0.9090772328700569,0.9523734474622255,0.9090772328700457,0.9092541450063012,,18446744073709479475,0.9109552857068686,1581,72938,797,737228,0.6552712917327881,2.789076328277588,2.1338050365448,,,,738025.0,,810166.0,,,,,,,,,
skimage_felzenszwalb,skimage_watershed,0.9082917355860114,0.9082915098542599,1.0,0.951942096020359,0.9082915098542599,0.9519420960203528,0.9082915098542487,0.9082917355860114,,18446744073709477099,0.9082915098542487,2,74517,0,738025,0.6552712917327881,0.18480777740478516,0.47046351432800293,,,,738025.0,,,812542.0,,,,,,,,
skimage_felzenszwalb,skimage_random_walker,0.845768352236925,0.9398942883850763,0.8869130449510518,0.9126353830881286,0.8393094357622416,0.9126353830881223,0.8393094357622308,0.845768352236925,,41602,0.943630635818557,32660,41859,83461,654564,0.6552712917327881,9.849873542785645,9.194602251052856,,,,738025.0,,,,696423.0,,,,,,,
skimage_felzenszwalb,skimage_chan_vese,0.595838502284184,0.9999853529213598,0.5550381084651604,0.7138541540504486,0.5550335961497552,0.7138541540504424,0.5550335961497477,0.595838502284184,,328387,0.5550462382710537,74513,6,328393,409632,0.6552712917327881,3.852895736694336,3.197624444961548,,,,738025.0,,,,,409638.0,,,,,,
skimage_felzenszwalb,skimage_active_contour,0.2678181120037807,1.0,0.19388909589783543,0.3248025240602869,0.19388909589783543,0.3248025240602832,0.19388909589783282,0.2678181120037807,,594930,0.19388909589783282,74519,0,594930,143095,0.6552712917327881,0.26811981201171875,0.38715147972106934,,,,738025.0,,,,,,143095.0,,,,,
skimage_felzenszwalb,skimage_threshold_otsu,0.3893586070415879,0.8093828512364978,0.4286535008976661,0.5604759378042267,0.38934808560914674,0.5604759378042217,0.38934808560914197,0.3893586070415879,,347163,0.5296053656718874,14,74505,421668,316357,0.6552712917327881,0.003046274185180664,0.6522250175476074,,,,738025.0,,,,,,,390862.0,,,,
skimage_felzenszwalb,skimage_threshold_niblack,0.5668136125551355,0.9227132170012965,0.5708925849395345,0.70536701575107,0.5448393670892624,0.7053670157510641,0.5448393670892553,0.5668136125551355,,281401,0.6187107482808764,39228,35291,316692,421333,0.6552712917327881,0.02101421356201172,0.6342570781707764,,,,738025.0,,,,,,,,456624.0,,,
skimage_felzenszwalb,skimage_threshold_sauvola,0.7439055608065532,0.8918487254529348,0.8171389858067138,0.8528608581655266,0.7434676640896891,0.8528608581655206,0.74346766408968,0.7439055608065532,,61824,0.9162304799972776,1387,73132,134956,603069,0.6552712917327881,0.02004694938659668,0.6352243423461914,,,,738025.0,,,,,,,,,676201.0,,
skimage_felzenszwalb,skimage_sobel,0.16467538988657845,0.9994103475579965,0.08037939094204126,0.14879192156331594,0.08037557922120153,0.14879192156331408,0.08037557922120044,0.16467538988657845,,678668,0.08042681480979533,74484,35,678703,59322,0.6552712917327881,0.009891033172607422,0.6453802585601807,,,,738025.0,,,,,,,,,,59357.0,
skimage_felzenszwalb,skimage_canny,0.18885131143667297,0.9995696148052508,0.1069950204938857,0.19329909525301583,0.10699009157804458,0.19329909525301345,0.10699009157804312,0.18885131143667297,,659026,0.10704108939398926,74485,34,659060,78965,0.6552712917327881,0.03425455093383789,0.6210167407989502,,,,738025.0,,,,,,,,,,,78999.0
skimage_slic,sklearn_kmeans,0.4726414815689981,0.9169892113006244,0.4932623885321632,0.6414689246628067,0.4721783228282734,0.6414689246628013,0.47217832282826755,0.4726414815689981,418030.0,359100,0.5379151493315077,713,34701,393801,383329,0.421431303024292,0.2684195041656494,0.15301179885864258,,,,,777130.0,,,,,,,,,,
skimage_slic,sklearn_dbscan,0.6354806632010082,0.9740549299772899,0.6358048203003358,0.7693947495861861,0.6252165341627325,0.7693947495861801,0.6252165341627245,0.6354806632010082,,269866,0.6527402107755375,22253,13161,283027,494103,0.421431303024292,0.8800466060638428,0.4586153030395508,507264.0,,,,777130.0,,,,,,,,,,
skimage_slic,sklearn_meanshift,0.950093779536862,0.9561386017213128,0.9933897803456307,0.9744082971871278,0.950093779536862,0.9744082971871217,0.9500937795368503,0.950093779536862,,18446744073709521339,0.9625009443811985,0,35414,5137,771993,0.421431303024292,23.830256700515747,23.408825397491455,,807407.0,,,777130.0,,,,,,,,,,
skimage_slic,sklearn_gmm,0.3714358853182105,0.9739330928033133,0.35221906244772433,0.5173430506834402,0.3489297041516669,0.5173430506834353,0.3489297041516624,0.3714358853182105,,496084,0.3616460566443148,28088,7326,503410,273720,0.421431303024292,6.027456521987915,5.606025218963623,,,281046.0,,777130.0,,,,,,,,,,
skimage_slic,skimage_felzenszwalb,0.8781149082388153,0.9593970393956844,0.9111204045655167,0.9346357303378202,0.8772921684657091,0.934635730337814,0.8772921684656982,0.8781149082388153,,39105,0.9496802336803244,5448,29966,69071,708059,0.421431303024292,0.6552712917327881,0.2338399887084961,,,,738025.0,777130.0,,,,,,,,,,
skimage_slic,skimage_slic,1.0,1.0,1.0,1.0,1.0,0.9999999999999936,0.9999999999999871,1.0,,0,0.9999999999999871,35414,0,0,777130,0.421431303024292,0.421431303024292,0.0,,,,,777130.0,,,,,,,,,,
skimage_slic,skimage_quickshift,0.9593425094517959,0.9592231715475594,1.0,0.9791872467391085,0.9592231715475594,0.9791872467391023,0.9592231715475475,0.9593425094517959,,18446744073709518580,0.9592231715475475,2378,33036,0,777130,0.421431303024292,2.789076328277588,2.367645025253296,,,,,777130.0,810166.0,,,,,,,,,
skimage_slic,skimage_watershed,0.9564134373030876,0.9564157914298584,0.9999974264280107,0.9777211902832785,0.9564134373030876,0.9777211902832724,0.9564134373030758,0.9564134373030876,,18446744073709516204,0.9564182528410721,0,35414,2,777128,0.421431303024292,0.18480777740478516,0.23662352561950684,,,,,777130.0,,812542.0,,,,,,,,
skimage_slic,skimage_random_walker,0.8474138015910523,0.968929802720473,0.8683038873804898,0.9158611872121328,0.8447822146105002,0.9158611872121266,0.8447822146104896,0.8474138015910523,,80707,0.8961473627320925,13776,21638,102345,674785,0.421431303024292,9.849873542785645,9.428442239761353,,,,,777130.0,,,696423.0,,,,,,,
skimage_slic,skimage_chan_vese,0.5472048282923756,0.9994824698880475,0.5268436426337936,0.6899849001658286,0.5266999596059392,0.6899849001658227,0.5266999596059324,0.5472048282923756,,367492,0.5271164412646465,35202,212,367704,409426,0.421431303024292,3.852895736694336,3.431464433670044,,,,,777130.0,,,,409638.0,,,,,,
skimage_slic,skimage_active_contour,0.21969148747637052,1.0,0.18413264190032555,0.3110000271672689,0.18413264190032555,0.3110000271672655,0.1841326419003232,0.21969148747637052,,634035,0.1841326419003232,35414,0,634035,143095,0.421431303024292,0.26811981201171875,0.15331149101257324,,,,,777130.0,,,,,143095.0,,,,,
skimage_slic,skimage_threshold_otsu,0.44265418241965976,0.9148036903050182,0.4601057738087579,0.6122678922458373,0.44120035043125255,0.612267892245832,0.4412003504312471,0.44265418241965976,,386268,0.5029557474296384,2114,33300,419568,357562,0.421431303024292,0.003046274185180664,0.41838502883911133,,,,,777130.0,,,,,,390862.0,,,,
skimage_slic,skimage_threshold_niblack,0.5594183207309389,0.9589530992676688,0.5634591381107408,0.7098351859446859,0.5501895402909761,0.7098351859446801,0.5501895402909691,0.5594183207309389,,320506,0.587577368007919,16671,18743,339249,437881,0.421431303024292,0.02101421356201172,0.4004170894622803,,,,,777130.0,,,,,,,456624.0,,,
skimage_slic,skimage_threshold_sauvola,0.8048561062539382,0.9573839731085876,0.8330446643418733,0.8908968431830051,0.8032587750807435,0.890896843182999,0.8032587750807335,0.8048561062539382,,100929,0.8701259763488622,6597,28817,129746,647384,0.421431303024292,0.02004694938659668,0.4013843536376953,,,,,777130.0,,,,,,,,676201.0,,
skimage_slic,skimage_sobel,0.0983294443131695,0.8747072796805768,0.0668099288407345,0.12413821135295587,0.06617662991178573,0.12413821135295439,0.0661766299117849,0.0983294443131695,,717773,0.07637975628273164,27977,7437,725210,51920,0.421431303024292,0.009891033172607422,0.41154026985168457,,,,,777130.0,,,,,,,,,59357.0,
skimage_slic,skimage_canny,0.125471359089477,0.9211255838681502,0.09363684325659799,0.1699930734737405,0.09289203828120113,0.16999307347373854,0.09289203828119995,0.125471359089477,,698131,0.10165480678908159,29183,6231,704362,72768,0.421431303024292,0.03425455093383789,0.3871767520904541,,,,,777130.0,,,,,,,,,,78999.0
skimage_quickshift,sklearn_kmeans,0.5115439902331443,0.9943114130564792,0.5130454746311249,0.6768496233500191,0.5115439902331443,0.6768496233500135,0.511543990233138,0.5115439902331443,418030.0,392136,0.5159806755652482,0,2378,394514,415652,2.789076328277588,0.2684195041656494,2.5206568241119385,,,,,,810166.0,,,,,,,,,
skimage_quickshift,sklearn_dbscan,0.6238505237870196,0.9973031794095383,0.6244349923349042,0.7680043721488049,0.6233823844718768,0.768004372148799,0.623382384471869,0.6238505237870196,,302902,0.6261235351767338,1010,1368,304270,505896,2.789076328277588,0.8800466060638428,1.9090297222137451,507264.0,,,,,810166.0,,,,,,,,,
skimage_quickshift,sklearn_meanshift,0.9907512700850661,0.9970547691560762,0.9936593241385099,0.9953541509409467,0.9907512700850661,0.9953541509409406,0.9907512700850539,0.9907512700850661,,2759,0.9965945250726271,0,2378,5137,805029,2.789076328277588,23.830256700515747,21.04118037223816,,807407.0,,,,810166.0,,,,,,,,,
skimage_quickshift,sklearn_gmm,0.34881064902331443,1.0,0.34689927743203247,0.5151079716865283,0.34689927743203247,0.5151079716865237,0.34689927743202814,0.34881064902331443,,529120,0.34689927743202814,2378,0,529120,281046,2.789076328277588,6.027456521987915,3.238380193710327,,,281046.0,,,810166.0,,,,,,,,,
skimage_quickshift,skimage_felzenszwalb,0.9092541450063012,0.9989200907828326,0.9099715366974176,0.9523734474622317,0.9090772328700569,0.9523734474622255,0.9090772328700457,0.9092541450063012,,72141,0.9109552857068686,1581,797,72938,737228,2.789076328277588,0.6552712917327881,2.1338050365448,,,,738025.0,,810166.0,,,,,,,,,
skimage_quickshift,skimage_slic,0.9593425094517959,1.0,0.9592231715475594,0.9791872467391085,0.9592231715475594,0.9791872467391023,0.9592231715475475,0.9593425094517959,,33036,0.9592231715475475,2378,0,33036,777130,2.789076328277588,0.421431303024292,2.367645025253296,,,,,777130.0,810166.0,,,,,,,,,
skimage_quickshift,skimage_quickshift,1.0,1.0,1.0,1.0,1.0,0.9999999999999938,0.9999999999999877,1.0,,0,0.9999999999999877,2378,0,0,810166,2.789076328277588,2.789076328277588,0.0,,,,,,810166.0,,,,,,,,,
skimage_quickshift,skimage_watershed,0.9970709278512917,0.9970733820528662,0.9999975313701143,0.998533315913892,0.9970709278512917,0.9985333159138859,0.9970709278512795,0.9970709278512917,,18446744073709549240,0.9970758434640794,0,2378,2,810164,2.789076328277588,0.18480777740478516,2.6042685508728027,,,,,,810166.0,812542.0,,,,,,,,
skimage_quickshift,skimage_random_walker,0.8600161960459988,1.0,0.85960531545387,0.924502966635227,0.85960531545387,0.9245029666352208,0.8596053154538593,0.8600161960459988,,113743,0.8596053154538593,2378,0,113743,696423,2.789076328277588,9.849873542785645,7.060797214508057,,,,,,810166.0,,696423.0,,,,,,,
skimage_quickshift,skimage_chan_vese,0.5070691556395716,1.0,0.5056223045647436,0.6716456086387649,0.5056223045647436,0.6716456086387594,0.5056223045647372,0.5070691556395716,,400528,0.5056223045647372,2378,0,400528,409638,2.789076328277588,3.852895736694336,1.063819408416748,,,,,,810166.0,,,409638.0,,,,,,
skimage_quickshift,skimage_active_contour,0.17903399692816635,1.0,0.1766242967490613,0.30022207978717264,0.1766242967490613,0.3002220797871695,0.17662429674905913,0.17903399692816635,,667071,0.17662429674905913,2378,0,667071,143095,2.789076328277588,0.26811981201171875,2.520956516265869,,,,,,810166.0,,,,143095.0,,,,,
skimage_quickshift,skimage_threshold_otsu,0.47810826244486454,0.9939160112776376,0.4795116062634077,0.6469191392706914,0.47810826244486454,0.646919139270686,0.47810826244485866,0.47810826244486454,,419304,0.48244680719753136,0,2378,421682,388484,2.789076328277588,0.003046274185180664,2.7860300540924072,,,,,,810166.0,,,,,390862.0,,,,
skimage_quickshift,skimage_threshold_niblack,0.5637676236609956,0.998996986579768,0.5630525102262993,0.7201919813070833,0.5627343873361755,0.7201919813070775,0.5627343873361687,0.5637676236609956,,353542,0.5636178264701238,1920,458,354000,456166,2.789076328277588,0.02101421356201172,2.768062114715576,,,,,,810166.0,,,,,,456624.0,,,
skimage_quickshift,skimage_threshold_sauvola,0.829529231647763,0.9966356157414733,0.8318369321842685,0.9068096910117084,0.8295076196302255,0.9068096910117023,0.8295076196302152,0.829529231647763,,133965,0.8346449986792727,103,2275,136240,673926,2.789076328277588,0.02004694938659668,2.769029378890991,,,,,,810166.0,,,,,,,676201.0,,
skimage_quickshift,skimage_sobel,0.07591096605229994,0.999545125259026,0.0732319055600951,0.13646562540611346,0.07322946507807399,0.1364656254061119,0.07322946507807308,0.07591096605229994,,750809,0.0732652320635515,2351,27,750836,59330,2.789076328277588,0.009891033172607422,2.7791852951049805,,,,,,810166.0,,,,,,,,59357.0,
skimage_quickshift,skimage_canny,0.09990228221487082,0.998721502803833,0.09738498036204926,0.17746537481794716,0.0973728412979919,0.17746537481794517,0.09737284129799069,0.09990228221487082,,731167,0.09750964617127728,2277,101,731268,78898,2.789076328277588,0.03425455093383789,2.75482177734375,,,,,,810166.0,,,,,,,,,78999.0
skimage_watershed,sklearn_kmeans,0.5144681395715186,0.9999952156543789,0.5144694058891724,0.6794043745510218,0.5144681395715186,0.6794043745510163,0.5144681395715123,0.5144681395715186,418030.0,394512,0.5144718673003916,0,2,394514,418028,0.18480777740478516,0.2684195041656494,0.08361172676086426,,,,,,,812542.0,,,,,,,,
skimage_watershed,sklearn_dbscan,0.6242886539067423,0.9999960572798385,0.624290190537843,0.7686917622741524,0.6242886539067423,0.7686917622741466,0.6242886539067346,0.6242886539067423,,305278,0.6242926519490608,0,2,305280,507262,0.18480777740478516,0.8800466060638428,0.6952388286590576,507264.0,,,,,,812542.0,,,,,,,,
skimage_watershed,sklearn_meanshift,0.9936754194234405,0.9999975229345299,0.9936778652672723,0.9968276779083786,0.9936754194234405,0.9968276779083725,0.9936754194234282,0.9936754194234405,,5135,0.9936803266784856,0,2,5137,807405,0.18480777740478516,23.830256700515747,23.645448923110962,,807407.0,,,,,812542.0,,,,,,,,
skimage_watershed,sklearn_gmm,0.3458864996849401,1.0,0.3458848896426277,0.513988814800455,0.3458848896426277,0.5139888148004503,0.3458848896426234,0.3458864996849401,,531496,0.3458848896426234,2,0,531496,281046,0.18480777740478516,6.027456521987915,5.84264874458313,,,281046.0,,,,812542.0,,,,,,,,
skimage_watershed,skimage_felzenszwalb,0.9082917355860114,1.0,0.9082915098542599,0.951942096020359,0.9082915098542599,0.9519420960203528,0.9082915098542487,0.9082917355860114,,74517,0.9082915098542487,2,0,74517,738025,0.18480777740478516,0.6552712917327881,0.47046351432800293,,,,738025.0,,,812542.0,,,,,,,,
skimage_watershed,skimage_slic,0.9564134373030876,0.9999974264280107,0.9564157914298584,0.9777211902832785,0.9564134373030876,0.9777211902832724,0.9564134373030758,0.9564134373030876,,35412,0.9564182528410721,0,2,35414,777128,0.18480777740478516,0.421431303024292,0.23662352561950684,,,,,777130.0,,812542.0,,,,,,,,
skimage_watershed,skimage_quickshift,0.9970709278512917,0.9999975313701143,0.9970733820528662,0.998533315913892,0.9970709278512917,0.9985333159138859,0.9970709278512795,0.9970709278512917,,2376,0.9970758434640794,0,2,2378,810164,0.18480777740478516,2.789076328277588,2.6042685508728027,,,,,,810166.0,812542.0,,,,,,,,
skimage_watershed,skimage_watershed,1.0,1.0,1.0,1.0,1.0,0.9999999999999939,0.9999999999999877,1.0,,0,0.9999999999999877,2,0,0,812542,0.18480777740478516,0.18480777740478516,0.0,,,,,,,812542.0,,,,,,,,
skimage_watershed,skimage_random_walker,0.8570920467076244,1.0,0.857091694952384,0.9230472542438029,0.857091694952384,0.9230472542437967,0.8570916949523735,0.8570920467076244,,116119,0.8570916949523735,2,0,116119,696423,0.18480777740478516,9.849873542785645,9.66506576538086,,,,,,,812542.0,696423.0,,,,,,,
skimage_watershed,skimage_chan_vese,0.5041450063011972,1.0,0.5041437857981496,0.6703398844687362,0.5041437857981496,0.6703398844687307,0.5041437857981433,0.5041450063011972,,402904,0.5041437857981433,2,0,402904,409638,0.18480777740478516,3.852895736694336,3.668087959289551,,,,,,,812542.0,,409638.0,,,,,,
skimage_watershed,skimage_active_contour,0.17610984758979206,1.0,0.17610781965732233,0.29947563771599467,0.17610781965732233,0.29947563771599156,0.17610781965732017,0.17610984758979206,,669447,0.17610781965732017,2,0,669447,143095,0.18480777740478516,0.26811981201171875,0.0833120346069336,,,,,,,812542.0,,,143095.0,,,,,
skimage_watershed,skimage_threshold_otsu,0.4810324117832388,0.9999948831045228,0.48103359580181704,0.6495906611578489,0.4810324117832388,0.6495906611578435,0.4810324117832329,0.4810324117832388,,421680,0.4810360572130366,0,2,421682,390860,0.18480777740478516,0.003046274185180664,0.1817615032196045,,,,,,,812542.0,,,,390862.0,,,,
skimage_watershed,skimage_threshold_niblack,0.561968336483932,0.9999978100143663,0.561968489013491,0.7195638710775423,0.5619677973965685,0.7195638710775366,0.5619677973965617,0.561968336483932,,355918,0.5619697197190968,1,1,355919,456623,0.18480777740478516,0.02101421356201172,0.16379356384277344,,,,,,,812542.0,,,,,456624.0,,,
skimage_watershed,skimage_threshold_sauvola,0.8321998562539382,0.999997042299553,0.8322019046400063,0.9084160261374865,0.8321998562539382,0.9084160261374803,0.832199856253928,0.8321998562539382,,136341,0.8322043660512216,0,2,136343,676199,0.18480777740478516,0.02004694938659668,0.16476082801818848,,,,,,,812542.0,,,,,,676201.0,,
skimage_watershed,skimage_sobel,0.07305327465343416,1.0,0.07305099305635893,0.1361556785820376,0.07305099305635893,0.13615567858203603,0.07305099305635804,0.07305327465343416,,753185,0.07305099305635804,2,0,753185,59357,0.18480777740478516,0.009891033172607422,0.17491674423217773,,,,,,,812542.0,,,,,,,59357.0,
skimage_watershed,skimage_canny,0.09722673479836169,1.0,0.09722451270211263,0.1772189949761144,0.09722451270211263,0.1772189949761124,0.09722451270211144,0.09722673479836169,,733543,0.09722451270211144,2,0,733543,78999,0.18480777740478516,0.03425455093383789,0.15055322647094727,,,,,,,812542.0,,,,,,,,78999.0
skimage_random_walker,sklearn_kmeans,0.41506306120037806,0.7644977633184221,0.4588920813930614,0.5735244106301477,0.40205694012857446,0.5735244106301426,0.4020569401285694,0.41506306120037806,418030.0,278393,0.6002530071522537,17674,98447,376840,319583,9.849873542785645,0.2684195041656494,9.581454038619995,,,,,,,,696423.0,,,,,,,
skimage_random_walker,sklearn_dbscan,0.5730926571361059,0.844536572672218,0.6151476904122926,0.7118179393812512,0.5525755723064064,0.7118179393812452,0.5525755723063993,0.5730926571361059,,189159,0.7283849040022985,37260,78861,268020,428403,9.849873542785645,0.8800466060638428,8.969826936721802,507264.0,,,,,,,696423.0,,,,,,,
skimage_random_walker,sklearn_meanshift,0.8507674661310649,0.8561803402744836,0.9926237358616817,0.9193672157092224,0.8507674661310649,0.9193672157092163,0.8507674661310545,0.8507674661310649,,18446744073709440632,0.8625426829343706,0,116121,5137,691286,9.849873542785645,23.830256700515747,13.980383157730103,,807407.0,,,,,,696423.0,,,,,,,
skimage_random_walker,sklearn_gmm,0.41397512011657217,0.8918433281384542,0.3599091356833419,0.5128530930392677,0.34485704851269916,0.5128530930392625,0.3448570485126944,0.41397512011657217,,415377,0.4035564592208987,85724,30397,445774,250649,9.849873542785645,6.027456521987915,3.8224170207977295,,,281046.0,,,,,696423.0,,,,,,,
skimage_random_walker,skimage_felzenszwalb,0.845768352236925,0.8869130449510518,0.9398942883850763,0.9126353830881286,0.8393094357622416,0.9126353830881223,0.8393094357622308,0.845768352236925,,18446744073709510014,0.943630635818557,32660,83461,41859,654564,9.849873542785645,0.6552712917327881,9.194602251052856,,,,738025.0,,,,696423.0,,,,,,,
skimage_random_walker,skimage_slic,0.8474138015910523,0.8683038873804898,0.968929802720473,0.9158611872121328,0.8447822146105002,0.9158611872121266,0.8447822146104896,0.8474138015910523,,18446744073709470909,0.8961473627320925,13776,102345,21638,674785,9.849873542785645,0.421431303024292,9.428442239761353,,,,,777130.0,,,696423.0,,,,,,,
skimage_random_walker,skimage_quickshift,0.8600161960459988,0.85960531545387,1.0,0.924502966635227,0.85960531545387,0.9245029666352208,0.8596053154538593,0.8600161960459988,,18446744073709437873,0.8596053154538593,2378,113743,0,696423,9.849873542785645,2.789076328277588,7.060797214508057,,,,,,810166.0,,696423.0,,,,,,,
skimage_random_walker,skimage_watershed,0.8570920467076244,0.857091694952384,1.0,0.9230472542438029,0.857091694952384,0.9230472542437967,0.8570916949523735,0.8570920467076244,,18446744073709435497,0.8570916949523735,2,116119,0,696423,9.849873542785645,0.18480777740478516,9.66506576538086,,,,,,,812542.0,696423.0,,,,,,,
skimage_random_walker,skimage_random_walker,1.0,1.0,1.0,1.0,1.0,0.9999999999999928,0.9999999999999857,1.0,,0,0.9999999999999857,116121,0,0,696423,9.849873542785645,9.849873542785645,0.0,,,,,,,,696423.0,,,,,,,
skimage_random_walker,skimage_chan_vese,0.6034663968966604,0.9567715885733257,0.5627757842575561,0.7086950900538035,0.5488208746014387,0.7086950900537972,0.548820874601431,0.6034663968966604,,286785,0.5882028594690212,98413,17708,304493,391930,9.849873542785645,3.852895736694336,5.996977806091309,,,,,,,,696423.0,409638.0,,,,,,
skimage_random_walker,skimage_active_contour,0.31901780088216763,1.0,0.20547138736084247,0.340897991466532,0.20547138736084247,0.34089799146652794,0.20547138736083953,0.31901780088216763,,553328,0.20547138736083953,116121,0,553328,143095,9.849873542785645,0.26811981201171875,9.581753730773926,,,,,,,,696423.0,,143095.0,,,,,
skimage_random_walker,skimage_threshold_otsu,0.3815190315847511,0.748015923778725,0.4198181277757914,0.5378001168047016,0.3678020515426826,0.5378001168046966,0.367802051542678,0.3815190315847511,,305561,0.5612422335276037,17630,98491,404052,292371,9.849873542785645,0.003046274185180664,9.846827268600464,,,,,,,,696423.0,,,390862.0,,,,
skimage_random_walker,skimage_threshold_niblack,0.5478189488815375,0.8602592066996041,0.5640465636545605,0.6813512372002182,0.5167041113765272,0.6813512372002123,0.5167041113765204,0.5478189488815375,,239799,0.6556704761330304,52312,63809,303608,392815,9.849873542785645,0.02101421356201172,9.828859329223633,,,,,,,,696423.0,,,,456624.0,,,
skimage_random_walker,skimage_threshold_sauvola,0.7053870313484563,0.8379446348053315,0.8136132781369944,0.8255997272377578,0.7029968796719623,0.8255997272377518,0.7029968796719536,0.7053870313484563,,20222,0.9709630497556662,6539,109582,129804,566619,9.849873542785645,0.02004694938659668,9.829826593399048,,,,,,,,696423.0,,,,,676201.0,,
skimage_random_walker,skimage_sobel,0.2095344990548204,0.9560119278265411,0.08148208775413793,0.15016539204530419,0.0811777395663158,0.1501653920453022,0.08117773956631463,0.2095344990548204,,637066,0.0852312459525305,113510,2611,639677,56746,9.849873542785645,0.009891033172607422,9.839982509613037,,,,,,,,696423.0,,,,,,59357.0,
skimage_random_walker,skimage_canny,0.22713108459357279,0.9331257357688072,0.10584946218031283,0.19013130914521384,0.10505254337286556,0.19013130914521137,0.10505254337286406,0.22713108459357279,,617424,0.11343536902141207,110838,5283,622707,73716,9.849873542785645,0.03425455093383789,9.815618991851807,,,,,,,,696423.0,,,,,,,78999.0
skimage_chan_vese,sklearn_kmeans,0.03777764650283554,0.05480467909001746,0.055927428607697525,0.05536036188423377,0.0284681854669354,0.05536036188423311,0.028468185466935046,0.03777764650283554,418030.0,18446744073709543224,0.9799248857737248,7786,395120,386728,22910,3.852895736694336,0.2684195041656494,3.5844762325286865,,,,,,,,,409638.0,,,,,,
skimage_chan_vese,sklearn_dbscan,0.5527306828922496,0.5455502460257381,0.6755672081203404,0.6036370299115936,0.43229235008529066,0.603637029911587,0.4322923500852839,0.5527306828922496,,18446744073709453990,0.8075440007569863,172380,230526,132900,276738,3.852895736694336,0.8800466060638428,2.972849130630493,507264.0,,,,,,,,409638.0,,,,,,
skimage_chan_vese,sklearn_meanshift,0.5104646640674229,0.5073500725160917,1.0,0.67316820659877,0.5073500725160917,0.6731682065987644,0.5073500725160853,0.5104646640674229,,18446744073709153847,0.5073500725160853,5137,397769,0,409638,3.852895736694336,23.830256700515747,19.97736096382141,,807407.0,,,,,,,409638.0,,,,,,
skimage_chan_vese,sklearn_gmm,0.6637302103024575,0.7426720181037979,0.5095352481947476,0.6044008548048022,0.43307625752398027,0.6044008548047934,0.4330762575239713,0.6637302103024575,,128592,0.6860838105839623,330585,72321,200913,208725,3.852895736694336,6.027456521987915,2.174560785293579,,,281046.0,,,,,,409638.0,,,,,,
skimage_chan_vese,skimage_felzenszwalb,0.595838502284184,0.5550381084651604,0.9999853529213598,0.7138541540504486,0.5550335961497552,0.7138541540504424,0.5550335961497477,0.595838502284184,,18446744073709223229,0.5550462382710537,74513,328393,6,409632,3.852895736694336,0.6552712917327881,3.197624444961548,,,,738025.0,,,,,409638.0,,,,,,
skimage_chan_vese,skimage_slic,0.5472048282923756,0.5268436426337936,0.9994824698880475,0.6899849001658286,0.5266999596059392,0.6899849001658227,0.5266999596059324,0.5472048282923756,,18446744073709184124,0.5271164412646465,35202,367704,212,409426,3.852895736694336,0.421431303024292,3.431464433670044,,,,,777130.0,,,,409638.0,,,,,,
skimage_chan_vese,skimage_quickshift,0.5070691556395716,0.5056223045647436,1.0,0.6716456086387649,0.5056223045647436,0.6716456086387594,0.5056223045647372,0.5070691556395716,,18446744073709151088,0.5056223045647372,2378,400528,0,409638,3.852895736694336,2.789076328277588,1.063819408416748,,,,,,810166.0,,,409638.0,,,,,,
skimage_chan_vese,skimage_watershed,0.5041450063011972,0.5041437857981496,1.0,0.6703398844687362,0.5041437857981496,0.6703398844687307,0.5041437857981433,0.5041450063011972,,18446744073709148712,0.5041437857981433,2,402904,0,409638,3.852895736694336,0.18480777740478516,3.668087959289551,,,,,,,812542.0,,409638.0,,,,,,
skimage_chan_vese,skimage_random_walker,0.6034663968966604,0.5627757842575561,0.9567715885733257,0.7086950900538035,0.5488208746014387,0.7086950900537972,0.548820874601431,0.6034663968966604,,18446744073709264831,0.5882028594690212,98413,304493,17708,391930,3.852895736694336,9.849873542785645,5.996977806091309,,,,,,,,696423.0,409638.0,,,,,,
skimage_chan_vese,skimage_chan_vese,1.0,1.0,1.0,1.0,1.0,0.9999999999999878,0.9999999999999756,1.0,,0,0.9999999999999756,402906,0,0,409638,3.852895736694336,3.852895736694336,0.0,,,,,,,,,409638.0,,,,,,
skimage_chan_vese,skimage_active_contour,0.5949720876654064,0.7814039624025997,0.2729605163583457,0.4045895577068856,0.2535959067218848,0.40458955770687827,0.25359590672187904,0.5949720876654064,,266543,0.34932061966906514,371626,31280,297823,111815,3.852895736694336,0.26811981201171875,3.584775924682617,,,,,,,,,409638.0,143095.0,,,,,
skimage_chan_vese,skimage_threshold_otsu,0.03179150913673598,0.017637938709825975,0.016829493357549838,0.01722423485321674,0.008686930290345587,0.017224234853216523,0.008686930290345478,0.03179150913673598,,18776,0.954164408575353,18938,383968,402744,6894,3.852895736694336,0.003046274185180664,3.8498494625091553,,,,,,,,,409638.0,,390862.0,,,,
skimage_chan_vese,skimage_threshold_niblack,0.4533465264650284,0.4621767581204667,0.5151890205498514,0.48724519833491486,0.32209132491174736,0.4872451983349092,0.3220913249117424,0.4533465264650284,,18446744073709504630,0.8971013350152226,157323,245583,198597,211041,3.852895736694336,0.02101421356201172,3.831881523132324,,,,,,,,,409638.0,,,456624.0,,,
skimage_chan_vese,skimage_threshold_sauvola,0.44534819037492124,0.4696532539880893,0.7752698724239451,0.5849485973519094,0.4133762181764223,0.5849485973519041,0.4133762181764169,0.44534819037492124,,18446744073709285053,0.6057932478656405,44285,358621,92058,317580,3.852895736694336,0.02004694938659668,3.8328487873077393,,,,,,,,,409638.0,,,,676201.0,,
skimage_chan_vese,skimage_sobel,0.44568048007246375,0.15656114695823575,0.022685883633842562,0.03962942035629378,0.020215269892234534,0.03962942035629293,0.020215269892234093,0.44568048007246375,,350281,0.1449011078073776,352842,50064,400345,9293,3.852895736694336,0.009891033172607422,3.8430047035217285,,,,,,,,,409638.0,,,,,59357.0,
skimage_chan_vese,skimage_canny,0.48475774850346565,0.44291699894935377,0.08541688026989684,0.14321469720876642,0.0771304560594471,0.14321469720876348,0.07713045605944541,0.48475774850346565,,330639,0.19285076091573064,358897,44009,374648,34990,3.852895736694336,0.03425455093383789,3.818641185760498,,,,,,,,,409638.0,,,,,,78999.0
skimage_active_contour,sklearn_kmeans,0.39874886775362317,0.08681434346817214,0.25361473147209895,0.12935085765203833,0.06914757809135841,0.129350857652036,0.06914757809135709,0.39874886775362317,418030.0,18446744073709276681,0.3423079683276238,287710,381739,106804,36291,0.26811981201171875,0.2684195041656494,0.00029969215393066406,,,,,,,,,,143095.0,,,,,
skimage_active_contour,sklearn_dbscan,0.4113168025362319,0.16956456598536462,0.601097173206611,0.26451236932217437,0.15241386031594148,0.2645123693221703,0.1524138603159388,0.4113168025362319,,18446744073709187447,0.28209177075447334,248199,421250,57081,86014,0.26811981201171875,0.8800466060638428,0.611926794052124,507264.0,,,,,,,,,143095.0,,,,,
skimage_active_contour,sklearn_meanshift,0.18242950535601765,0.1772278417204706,1.0,0.3010935274202474,0.1772278417204706,0.30109352742024426,0.1772278417204684,0.18242950535601765,,18446744073708887304,0.1772278417204684,5137,664312,0,143095,0.26811981201171875,23.830256700515747,23.56213688850403,,807407.0,,,,,,,,143095.0,,,,,
skimage_active_contour,sklearn_gmm,0.5545287393667296,0.11061534410737033,0.21725427163772318,0.14659276042636765,0.07909365912485085,0.14659276042636418,0.07909365912484884,0.5545287393667296,,18446744073709413665,0.509151526796307,419491,249958,112007,31088,0.26811981201171875,6.027456521987915,5.759336709976196,,,281046.0,,,,,,,143095.0,,,,,
skimage_active_contour,skimage_felzenszwalb,0.2678181120037807,0.19388909589783543,1.0,0.3248025240602869,0.19388909589783543,0.3248025240602832,0.19388909589783282,0.2678181120037807,,18446744073708956686,0.19388909589783282,74519,594930,0,143095,0.26811981201171875,0.6552712917327881,0.38715147972106934,,,,738025.0,,,,,,143095.0,,,,,
skimage_active_contour,skimage_slic,0.21969148747637052,0.18413264190032555,1.0,0.3110000271672689,0.18413264190032555,0.3110000271672655,0.1841326419003232,0.21969148747637052,,18446744073708917581,0.1841326419003232,35414,634035,0,143095,0.26811981201171875,0.421431303024292,0.15331149101257324,,,,,777130.0,,,,,143095.0,,,,,
skimage_active_contour,skimage_quickshift,0.17903399692816635,0.1766242967490613,1.0,0.30022207978717264,0.1766242967490613,0.3002220797871695,0.17662429674905913,0.17903399692816635,,18446744073708884545,0.17662429674905913,2378,667071,0,143095,0.26811981201171875,2.789076328277588,2.520956516265869,,,,,,810166.0,,,,143095.0,,,,,
skimage_active_contour,skimage_watershed,0.17610984758979206,0.17610781965732233,1.0,0.29947563771599467,0.17610781965732233,0.29947563771599156,0.17610781965732017,0.17610984758979206,,18446744073708882169,0.17610781965732017,2,669447,0,143095,0.26811981201171875,0.18480777740478516,0.0833120346069336,,,,,,,812542.0,,,143095.0,,,,,
skimage_active_contour,skimage_random_walker,0.31901780088216763,0.20547138736084247,1.0,0.340897991466532,0.20547138736084247,0.34089799146652794,0.20547138736083953,0.31901780088216763,,18446744073708998288,0.20547138736083953,116121,553328,0,143095,0.26811981201171875,9.849873542785645,9.581753730773926,,,,,,,,696423.0,,143095.0,,,,,
skimage_active_contour,skimage_chan_vese,0.5949720876654064,0.2729605163583457,0.7814039624025997,0.4045895577068856,0.2535959067218848,0.40458955770687827,0.25359590672187904,0.5949720876654064,,18446744073709285073,0.34932061966906514,371626,297823,31280,111815,0.26811981201171875,3.852895736694336,3.584775924682617,,,,,,,,,409638.0,143095.0,,,,,
skimage_active_contour,skimage_active_contour,1.0,1.0,1.0,1.0,1.0,0.999999999999965,0.9999999999999301,1.0,,0,0.9999999999999301,669449,0,0,143095,0.26811981201171875,0.26811981201171875,0.0,,,,,,,,,,143095.0,,,,,
skimage_active_contour,skimage_threshold_otsu,0.41470615745116574,0.074681089489385,0.2039903560571648,0.10933464679740129,0.05782866154086935,0.10933464679739924,0.05782866154086821,0.41470615745116574,,18446744073709303849,0.36610107915324674,307777,361672,113905,29190,0.26811981201171875,0.003046274185180664,0.2650735378265381,,,,,,,,,,143095.0,390862.0,,,,
skimage_active_contour,skimage_threshold_niblack,0.4554596428008822,0.17219419040611095,0.5494811139452811,0.26221613789124576,0.15089111114949214,0.2622161378912414,0.15089111114948922,0.4554596428008822,,18446744073709238087,0.31337599425347085,291453,377996,64467,78628,0.26811981201171875,0.02101421356201172,0.24710559844970703,,,,,,,,,,143095.0,,456624.0,,,
skimage_active_contour,skimage_threshold_sauvola,0.2965377874921235,0.18315707903419248,0.8655159159998602,0.30233517556536343,0.17808884958551718,0.3023351755653597,0.17808884958551463,0.2965377874921235,,18446744073709018510,0.21161607273576627,117099,552350,19244,123851,0.26811981201171875,0.02004694938659668,0.24807286262512207,,,,,,,,,,143095.0,,,676201.0,,
skimage_active_contour,skimage_sobel,0.7764551827347196,0.17531209461394612,0.07272091966875154,0.10279967597257622,0.05418493485935661,0.10279967597257113,0.05418493485935379,0.7764551827347196,,83738,0.4148083441070327,620498,48951,132689,10406,0.26811981201171875,0.009891033172607422,0.25822877883911133,,,,,,,,,,143095.0,,,,59357.0,
skimage_active_contour,skimage_canny,0.7580020281978576,0.1611412802693705,0.08896187847234355,0.11463614505569714,0.060803194436483826,0.11463614505569197,0.06080319443648092,0.7580020281978576,,64096,0.5520737971277436,603180,66269,130365,12730,0.26811981201171875,0.03425455093383789,0.23386526107788086,,,,,,,,,,143095.0,,,,,78999.0
skimage_threshold_otsu,sklearn_kmeans,0.9646369919659735,0.9331363777719303,0.9979967354206856,0.9644773344278346,0.9313918144852237,0.9644773344278227,0.9313918144852015,0.9646369919659735,418030.0,18446744073709524448,0.9350094490825793,393731,27951,783,390079,0.003046274185180664,0.2684195041656494,0.26537322998046875,,,,,,,,,,,390862.0,,,,
skimage_threshold_otsu,sklearn_dbscan,0.45302654379332075,0.44718923479687106,0.5803659603645276,0.5051473846654033,0.3379245415122981,0.5051473846653977,0.33792454151229306,0.45302654379332075,,18446744073709435214,0.7705297438808831,141261,280421,164019,226843,0.003046274185180664,0.8800466060638428,0.8770003318786621,507264.0,,,,,,,,,,390862.0,,,,
skimage_threshold_otsu,sklearn_meanshift,0.47471275401701324,0.4777330392230932,0.9868572539668732,0.6438036868182353,0.47471275401701324,0.64380368681823,0.4747127540170074,0.47471275401701324,,18446744073709135071,0.48409538188298484,0,421682,5137,385725,0.003046274185180664,23.830256700515747,23.827210426330566,,807407.0,,,,,,,,,390862.0,,,,
skimage_threshold_otsu,sklearn_gmm,0.3523476882482672,0.25914263145534894,0.18633430724910582,0.2167886079641856,0.12157201828813324,0.21678860796418234,0.12157201828813122,0.3523476882482672,,109816,0.7190415031391969,213467,208215,318031,72831,0.003046274185180664,6.027456521987915,6.024410247802734,,,281046.0,,,,,,,,390862.0,,,,
skimage_threshold_otsu,skimage_felzenszwalb,0.3893586070415879,0.4286535008976661,0.8093828512364978,0.5604759378042267,0.38934808560914674,0.5604759378042217,0.38934808560914197,0.3893586070415879,,18446744073709204453,0.5296053656718874,14,421668,74505,316357,0.003046274185180664,0.6552712917327881,0.6522250175476074,,,,738025.0,,,,,,,390862.0,,,,
skimage_threshold_otsu,skimage_slic,0.44265418241965976,0.4601057738087579,0.9148036903050182,0.6122678922458373,0.44120035043125255,0.612267892245832,0.4412003504312471,0.44265418241965976,,18446744073709165348,0.5029557474296384,2114,419568,33300,357562,0.003046274185180664,0.421431303024292,0.41838502883911133,,,,,777130.0,,,,,,390862.0,,,,
skimage_threshold_otsu,skimage_quickshift,0.47810826244486454,0.4795116062634077,0.9939160112776376,0.6469191392706914,0.47810826244486454,0.646919139270686,0.47810826244485866,0.47810826244486454,,18446744073709132312,0.48244680719753136,0,421682,2378,388484,0.003046274185180664,2.789076328277588,2.7860300540924072,,,,,,810166.0,,,,,390862.0,,,,
skimage_threshold_otsu,skimage_watershed,0.4810324117832388,0.48103359580181704,0.9999948831045228,0.6495906611578489,0.4810324117832388,0.6495906611578435,0.4810324117832329,0.4810324117832388,,18446744073709129936,0.4810360572130366,0,421682,2,390860,0.003046274185180664,0.18480777740478516,0.1817615032196045,,,,,,,812542.0,,,,390862.0,,,,
skimage_threshold_otsu,skimage_random_walker,0.3815190315847511,0.4198181277757914,0.748015923778725,0.5378001168047016,0.3678020515426826,0.5378001168046966,0.367802051542678,0.3815190315847511,,18446744073709246055,0.5612422335276037,17630,404052,98491,292371,0.003046274185180664,9.849873542785645,9.846827268600464,,,,,,,,696423.0,,,390862.0,,,,
skimage_threshold_otsu,skimage_chan_vese,0.03179150913673598,0.016829493357549838,0.017637938709825975,0.01722423485321674,0.008686930290345587,0.017224234853216523,0.008686930290345478,0.03179150913673598,,18446744073709532840,0.954164408575353,18938,402744,383968,6894,0.003046274185180664,3.852895736694336,3.8498494625091553,,,,,,,,,409638.0,,390862.0,,,,
skimage_threshold_otsu,skimage_active_contour,0.41470615745116574,0.2039903560571648,0.074681089489385,0.10933464679740129,0.05782866154086935,0.10933464679739924,0.05782866154086821,0.41470615745116574,,247767,0.36610107915324674,307777,113905,361672,29190,0.003046274185180664,0.26811981201171875,0.2650735378265381,,,,,,,,,,143095.0,390862.0,,,,
skimage_threshold_otsu,skimage_threshold_otsu,1.0,1.0,1.0,1.0,1.0,0.9999999999999872,0.9999999999999744,1.0,,0,0.9999999999999744,421682,0,0,390862,0.003046274185180664,0.003046274185180664,0.0,,,,,,,,,,,390862.0,,,,
skimage_threshold_otsu,skimage_threshold_niblack,0.5760869565217391,0.5508229966011423,0.6434982167619262,0.59356496744489,0.4220351126824136,0.593564967444883,0.4220351126824065,0.5760869565217391,,18446744073709485854,0.8559821647569804,216577,205105,139343,251519,0.003046274185180664,0.02101421356201172,0.017967939376831055,,,,,,,,,,,390862.0,456624.0,,,
skimage_threshold_otsu,skimage_threshold_sauvola,0.5784806730466289,0.5357578589798004,0.9268744467356765,0.679022700627798,0.5140305597609477,0.6790227006277916,0.5140305597609404,0.5784806730466289,,18446744073709266277,0.5780263560686751,107761,313921,28582,362280,0.003046274185180664,0.02004694938659668,0.017000675201416016,,,,,,,,,,,390862.0,,676201.0,,
skimage_threshold_otsu,skimage_sobel,0.5577433345148078,0.7654194113583908,0.1162379561072706,0.20182622234956765,0.1122395537395068,0.20182622234956316,0.11223955373950402,0.5577433345148078,,331505,0.15186178241936663,407758,13924,345429,45433,0.003046274185180664,0.009891033172607422,0.006844758987426758,,,,,,,,,,,390862.0,,,59357.0,
skimage_threshold_otsu,skimage_canny,0.522033268352237,0.5157786807427942,0.10424651155650844,0.17343852756453504,0.0949535672255689,0.17343852756453135,0.09495356722556669,0.522033268352237,,311863,0.2021148129007117,383429,38253,350116,40746,0.003046274185180664,0.03425455093383789,0.031208276748657227,,,,,,,,,,,390862.0,,,,78999.0
skimage_threshold_niblack,sklearn_kmeans,0.5687839673913043,0.6270746118699615,0.5740740740740741,0.5994050218715058,0.42796456593928667,0.5994050218714989,0.4279645659392797,0.5687839673913043,418030.0,38594,0.9154796944531843,200026,155894,194488,262136,0.02101421356201172,0.2684195041656494,0.2474052906036377,,,,,,,,,,,,456624.0,,,
skimage_threshold_niblack,sklearn_dbscan,0.5071159223377442,0.5553301633863235,0.6169167630260346,0.5845056687083977,0.41293395232113095,0.5845056687083916,0.4129339523211249,0.5071159223377442,,18446744073709500976,0.9001703255109588,130355,225565,174925,281699,0.02101421356201172,0.8800466060638428,0.859032392501831,507264.0,,,,,,,,,,,456624.0,,,
skimage_threshold_niblack,sklearn_meanshift,0.5612656053087587,0.5620089991788528,0.9937497810014366,0.7179728978165884,0.560029422618144,0.7179728978165827,0.5600294226181372,0.5612656053087587,,18446744073709200833,0.5655437716046484,2283,353637,2854,453770,0.02101421356201172,23.830256700515747,23.809242486953735,,807407.0,,,,,,,,,,456624.0,,,
skimage_threshold_niblack,sklearn_gmm,0.5180125630119723,0.615618083872391,0.3789047443848768,0.46909051472880825,0.30641296513079713,0.4690905147288019,0.3064129651307917,0.5180125630119723,,175578,0.6154867024072187,247891,108029,283607,173017,0.02101421356201172,6.027456521987915,6.006442308425903,,,281046.0,,,,,,,,,456624.0,,,
skimage_threshold_niblack,skimage_felzenszwalb,0.5668136125551355,0.5708925849395345,0.9227132170012965,0.70536701575107,0.5448393670892624,0.7053670157510641,0.5448393670892553,0.5668136125551355,,18446744073709270215,0.6187107482808764,39228,316692,35291,421333,0.02101421356201172,0.6552712917327881,0.6342570781707764,,,,738025.0,,,,,,,,456624.0,,,
skimage_threshold_niblack,skimage_slic,0.5594183207309389,0.5634591381107408,0.9589530992676688,0.7098351859446859,0.5501895402909761,0.7098351859446801,0.5501895402909691,0.5594183207309389,,18446744073709231110,0.587577368007919,16671,339249,18743,437881,0.02101421356201172,0.421431303024292,0.4004170894622803,,,,,777130.0,,,,,,,456624.0,,,
skimage_threshold_niblack,skimage_quickshift,0.5637676236609956,0.5630525102262993,0.998996986579768,0.7201919813070833,0.5627343873361755,0.7201919813070775,0.5627343873361687,0.5637676236609956,,18446744073709198074,0.5636178264701238,1920,354000,458,456166,0.02101421356201172,2.789076328277588,2.768062114715576,,,,,,810166.0,,,,,,456624.0,,,
skimage_threshold_niblack,skimage_watershed,0.561968336483932,0.561968489013491,0.9999978100143663,0.7195638710775423,0.5619677973965685,0.7195638710775366,0.5619677973965617,0.561968336483932,,18446744073709195698,0.5619697197190968,1,355919,1,456623,0.02101421356201172,0.18480777740478516,0.16379356384277344,,,,,,,812542.0,,,,,456624.0,,,
skimage_threshold_niblack,skimage_random_walker,0.5478189488815375,0.5640465636545605,0.8602592066996041,0.6813512372002182,0.5167041113765272,0.6813512372002123,0.5167041113765204,0.5478189488815375,,18446744073709311817,0.6556704761330304,52312,303608,63809,392815,0.02101421356201172,9.849873542785645,9.828859329223633,,,,,,,,696423.0,,,,456624.0,,,
skimage_threshold_niblack,skimage_chan_vese,0.4533465264650284,0.5151890205498514,0.4621767581204667,0.48724519833491486,0.32209132491174736,0.4872451983349092,0.3220913249117424,0.4533465264650284,,46986,0.8971013350152226,157323,198597,245583,211041,0.02101421356201172,3.852895736694336,3.831881523132324,,,,,,,,,409638.0,,,456624.0,,,
skimage_threshold_niblack,skimage_active_contour,0.4554596428008822,0.5494811139452811,0.17219419040611095,0.26221613789124576,0.15089111114949214,0.2622161378912414,0.15089111114948922,0.4554596428008822,,313529,0.31337599425347085,291453,64467,377996,78628,0.02101421356201172,0.26811981201171875,0.24710559844970703,,,,,,,,,,143095.0,,456624.0,,,
skimage_threshold_niblack,skimage_threshold_otsu,0.5760869565217391,0.6434982167619262,0.5508229966011423,0.59356496744489,0.4220351126824136,0.593564967444883,0.4220351126824065,0.5760869565217391,,65762,0.8559821647569804,216577,139343,205105,251519,0.02101421356201172,0.003046274185180664,0.017967939376831055,,,,,,,,,,,390862.0,456624.0,,,
skimage_threshold_niblack,skimage_threshold_niblack,1.0,1.0,1.0,1.0,1.0,0.999999999999989,0.9999999999999781,1.0,,0,0.9999999999999781,355920,0,0,456624,0.02101421356201172,0.02101421356201172,0.0,,,,,,,,,,,,456624.0,,,
skimage_threshold_niblack,skimage_threshold_sauvola,0.7297660188248267,0.6752785044683459,1.0,0.8061686491735264,0.6752785044683459,0.8061686491735193,0.6752785044683359,0.7297660188248267,,18446744073709332039,0.6752785044683359,136343,219577,0,456624,0.02101421356201172,0.02004694938659668,0.0009672641754150391,,,,,,,,,,,,456624.0,676201.0,,
skimage_threshold_niblack,skimage_sobel,0.4499756320888469,0.5817510992806241,0.07562239391709591,0.13384601370980714,0.07172292034479177,0.13384601370980453,0.07172292034479029,0.4499756320888469,,397267,0.12999097725918632,331094,24826,422093,34531,0.02101421356201172,0.009891033172607422,0.011123180389404297,,,,,,,,,,,,456624.0,,59357.0,
skimage_threshold_niblack,skimage_canny,0.45733277213295526,0.5992607501360777,0.10367610988471916,0.17676985491661112,0.0969542190783195,0.17676985491660782,0.09695421907831751,0.45733277213295526,,377625,0.1730066750762077,324262,31658,409283,47341,0.02101421356201172,0.03425455093383789,0.013240337371826172,,,,,,,,,,,,456624.0,,,78999.0
skimage_threshold_sauvola,sklearn_kmeans,0.5863620923913043,0.9067913786091907,0.5605818388319449,0.6928445638992132,0.5300399208574245,0.6928445638992069,0.5300399208574171,0.5863620923913043,418030.0,258171,0.618203758941489,97379,38964,297135,379066,0.02004694938659668,0.2684195041656494,0.24837255477905273,,,,,,,,,,,,,676201.0,,
skimage_threshold_sauvola,sklearn_dbscan,0.6294809881064902,0.869766038985617,0.6524701974708703,0.7456088688723368,0.5943990278391516,0.7456088688723305,0.5943990278391436,0.6294809881064902,,168937,0.7501674797878035,70280,66063,235000,441201,0.02004694938659668,0.8800466060638428,0.8599996566772461,507264.0,,,,,,,,,,,,676201.0,,
skimage_threshold_sauvola,sklearn_meanshift,0.8258801984877127,0.8311347313065158,0.9924031464017355,0.9046378827830532,0.8258801984877127,0.9046378827830471,0.8258801984877024,0.8258801984877127,,18446744073709420410,0.837497073966403,0,136343,5137,671064,0.02004694938659668,23.830256700515747,23.81020975112915,,807407.0,,,,,,,,,,,676201.0,,
skimage_threshold_sauvola,sklearn_gmm,0.3394929997637051,0.7481978039182198,0.3109696673030652,0.4393390629586721,0.2815083356872909,0.43933906295866754,0.2815083356872871,0.3394929997637051,,395155,0.4156249399217035,65575,70768,465923,210278,0.02004694938659668,6.027456521987915,6.007409572601318,,,281046.0,,,,,,,,,,676201.0,,
skimage_threshold_sauvola,skimage_felzenszwalb,0.7439055608065532,0.8171389858067138,0.8918487254529348,0.8528608581655266,0.7434676640896891,0.8528608581655206,0.74346766408968,0.7439055608065532,,18446744073709489792,0.9162304799972776,1387,134956,73132,603069,0.02004694938659668,0.6552712917327881,0.6352243423461914,,,,738025.0,,,,,,,,,676201.0,,
skimage_threshold_sauvola,skimage_slic,0.8048561062539382,0.8330446643418733,0.9573839731085876,0.8908968431830051,0.8032587750807435,0.890896843182999,0.8032587750807335,0.8048561062539382,,18446744073709450687,0.8701259763488622,6597,129746,28817,647384,0.02004694938659668,0.421431303024292,0.4013843536376953,,,,,777130.0,,,,,,,,676201.0,,
skimage_threshold_sauvola,skimage_quickshift,0.829529231647763,0.8318369321842685,0.9966356157414733,0.9068096910117084,0.8295076196302255,0.9068096910117023,0.8295076196302152,0.829529231647763,,18446744073709417651,0.8346449986792727,103,136240,2275,673926,0.02004694938659668,2.789076328277588,2.769029378890991,,,,,,810166.0,,,,,,,676201.0,,
skimage_threshold_sauvola,skimage_watershed,0.8321998562539382,0.8322019046400063,0.999997042299553,0.9084160261374865,0.8321998562539382,0.9084160261374803,0.832199856253928,0.8321998562539382,,18446744073709415275,0.8322043660512216,0,136343,2,676199,0.02004694938659668,0.18480777740478516,0.16476082801818848,,,,,,,812542.0,,,,,,676201.0,,
skimage_threshold_sauvola,skimage_random_walker,0.7053870313484563,0.8136132781369944,0.8379446348053315,0.8255997272377578,0.7029968796719623,0.8255997272377518,0.7029968796719536,0.7053870313484563,,18446744073709531394,0.9709630497556662,6539,129804,109582,566619,0.02004694938659668,9.849873542785645,9.829826593399048,,,,,,,,696423.0,,,,,676201.0,,
skimage_threshold_sauvola,skimage_chan_vese,0.44534819037492124,0.7752698724239451,0.4696532539880893,0.5849485973519094,0.4133762181764223,0.5849485973519041,0.4133762181764169,0.44534819037492124,,266563,0.6057932478656405,44285,92058,358621,317580,0.02004694938659668,3.852895736694336,3.8328487873077393,,,,,,,,,409638.0,,,,676201.0,,
skimage_threshold_sauvola,skimage_active_contour,0.2965377874921235,0.8655159159998602,0.18315707903419248,0.30233517556536343,0.17808884958551718,0.3023351755653597,0.17808884958551463,0.2965377874921235,,533106,0.21161607273576627,117099,19244,552350,123851,0.02004694938659668,0.26811981201171875,0.24807286262512207,,,,,,,,,,143095.0,,,676201.0,,
skimage_threshold_sauvola,skimage_threshold_otsu,0.5784806730466289,0.9268744467356765,0.5357578589798004,0.679022700627798,0.5140305597609477,0.6790227006277916,0.5140305597609404,0.5784806730466289,,285339,0.5780263560686751,107761,28582,313921,362280,0.02004694938659668,0.003046274185180664,0.017000675201416016,,,,,,,,,,,390862.0,,676201.0,,
skimage_threshold_sauvola,skimage_threshold_niblack,0.7297660188248267,1.0,0.6752785044683459,0.8061686491735264,0.6752785044683459,0.8061686491735193,0.6752785044683359,0.7297660188248267,,219577,0.6752785044683359,136343,0,219577,456624,0.02004694938659668,0.02101421356201172,0.0009672641754150391,,,,,,,,,,,,456624.0,676201.0,,
skimage_threshold_sauvola,skimage_threshold_sauvola,1.0,1.0,1.0,1.0,1.0,0.9999999999999926,0.9999999999999852,1.0,,0,0.9999999999999852,136343,0,0,676201,0.02004694938659668,0.02004694938659668,0.0,,,,,,,,,,,,,676201.0,,
skimage_threshold_sauvola,skimage_sobel,0.19617891461877757,0.6942567852148862,0.060941938861374056,0.11204826811753797,0.0593491169426326,0.11204826811753646,0.05934911694263174,0.19617891461877757,,616844,0.08778011271796274,118195,18148,634992,41209,0.02004694938659668,0.009891033172607422,0.010155916213989258,,,,,,,,,,,,,676201.0,59357.0,
skimage_threshold_sauvola,skimage_canny,0.222117202268431,0.7793516373624982,0.09104985056218491,0.16305084745762713,0.08876176416312972,0.16305084745762496,0.08876176416312845,0.222117202268431,,597202,0.11682768880850343,118912,17431,614633,61568,0.02004694938659668,0.03425455093383789,0.014207601547241211,,,,,,,,,,,,,676201.0,,78999.0
skimage_sobel,sklearn_kmeans,0.5329742143194707,0.11710642776834199,0.8247384470239398,0.20509146667169403,0.11426290691893481,0.20509146667168973,0.11426290691893215,0.5329742143194707,418030.0,18446744073709192943,0.14199220151663416,384111,369076,10403,48954,0.009891033172607422,0.2684195041656494,0.258528470993042,,,,,,,,,,,,,,59357.0,
skimage_sobel,sklearn_dbscan,0.32920678757088845,0.02126308983093616,0.18171403541284095,0.038071303393273456,0.019405039265249578,0.03807130339327278,0.01940503926524923,0.32920678757088845,,18446744073709103709,0.11701402031289196,256709,496478,48571,10786,0.009891033172607422,0.8800466060638428,0.8701555728912354,507264.0,,,,,,,,,,,,,59357.0,
skimage_sobel,sklearn_meanshift,0.07937293241965973,0.07351558755373684,1.0,0.13696231038667964,0.07351558755373684,0.13696231038667805,0.07351558755373593,0.07937293241965973,,18446744073708803566,0.07351558755373593,5137,748050,0,59357,0.009891033172607422,23.830256700515747,23.82036566734314,,807407.0,,,,,,,,,,,,59357.0,
skimage_sobel,sklearn_gmm,0.6314919561279143,0.07289554023184816,0.3451488451235743,0.12036909192927207,0.06403868515485314,0.12036909192926853,0.06403868515485114,0.6314919561279143,,18446744073709329927,0.21120030172995838,492628,260559,38870,20487,0.009891033172607422,6.027456521987915,6.017565488815308,,,281046.0,,,,,,,,,,,59357.0,
skimage_sobel,skimage_felzenszwalb,0.16467538988657845,0.08037939094204126,0.9994103475579965,0.14879192156331594,0.08037557922120153,0.14879192156331408,0.08037557922120044,0.16467538988657845,,18446744073708872948,0.08042681480979533,74484,678703,35,59322,0.009891033172607422,0.6552712917327881,0.6453802585601807,,,,738025.0,,,,,,,,,,59357.0,
skimage_sobel,skimage_slic,0.0983294443131695,0.0668099288407345,0.8747072796805768,0.12413821135295587,0.06617662991178573,0.12413821135295439,0.0661766299117849,0.0983294443131695,,18446744073708833843,0.07637975628273164,27977,725210,7437,51920,0.009891033172607422,0.421431303024292,0.41154026985168457,,,,,777130.0,,,,,,,,,59357.0,
skimage_sobel,skimage_quickshift,0.07591096605229994,0.0732319055600951,0.999545125259026,0.13646562540611346,0.07322946507807399,0.1364656254061119,0.07322946507807308,0.07591096605229994,,18446744073708800807,0.0732652320635515,2351,750836,27,59330,0.009891033172607422,2.789076328277588,2.7791852951049805,,,,,,810166.0,,,,,,,,59357.0,
skimage_sobel,skimage_watershed,0.07305327465343416,0.07305099305635893,1.0,0.1361556785820376,0.07305099305635893,0.13615567858203603,0.07305099305635804,0.07305327465343416,,18446744073708798431,0.07305099305635804,2,753185,0,59357,0.009891033172607422,0.18480777740478516,0.17491674423217773,,,,,,,812542.0,,,,,,,59357.0,
skimage_sobel,skimage_random_walker,0.2095344990548204,0.08148208775413793,0.9560119278265411,0.15016539204530419,0.0811777395663158,0.1501653920453022,0.08117773956631463,0.2095344990548204,,18446744073708914550,0.0852312459525305,113510,639677,2611,56746,0.009891033172607422,9.849873542785645,9.839982509613037,,,,,,,,696423.0,,,,,,59357.0,
skimage_sobel,skimage_chan_vese,0.44568048007246375,0.022685883633842562,0.15656114695823575,0.03962942035629378,0.020215269892234534,0.03962942035629293,0.020215269892234093,0.44568048007246375,,18446744073709201335,0.1449011078073776,352842,400345,50064,9293,0.009891033172607422,3.852895736694336,3.8430047035217285,,,,,,,,,409638.0,,,,,59357.0,
skimage_sobel,skimage_active_contour,0.7764551827347196,0.07272091966875154,0.17531209461394612,0.10279967597257622,0.05418493485935661,0.10279967597257113,0.05418493485935379,0.7764551827347196,,18446744073709467878,0.4148083441070327,620498,132689,48951,10406,0.009891033172607422,0.26811981201171875,0.25822877883911133,,,,,,,,,,143095.0,,,,59357.0,
skimage_sobel,skimage_threshold_otsu,0.5577433345148078,0.1162379561072706,0.7654194113583908,0.20182622234956765,0.1122395537395068,0.20182622234956316,0.11223955373950402,0.5577433345148078,,18446744073709220111,0.15186178241936663,407758,345429,13924,45433,0.009891033172607422,0.003046274185180664,0.006844758987426758,,,,,,,,,,,390862.0,,,59357.0,
skimage_sobel,skimage_threshold_niblack,0.4499756320888469,0.07562239391709591,0.5817510992806241,0.13384601370980714,0.07172292034479177,0.13384601370980453,0.07172292034479029,0.4499756320888469,,18446744073709154349,0.12999097725918632,331094,422093,24826,34531,0.009891033172607422,0.02101421356201172,0.011123180389404297,,,,,,,,,,,,456624.0,,59357.0,
skimage_sobel,skimage_threshold_sauvola,0.19617891461877757,0.060941938861374056,0.6942567852148862,0.11204826811753797,0.0593491169426326,0.11204826811753646,0.05934911694263174,0.19617891461877757,,18446744073708934772,0.08778011271796274,118195,634992,18148,41209,0.009891033172607422,0.02004694938659668,0.010155916213989258,,,,,,,,,,,,,676201.0,59357.0,
skimage_sobel,skimage_sobel,1.0,1.0,1.0,1.0,1.0,0.9999999999999157,0.9999999999998316,1.0,,0,0.9999999999998316,753187,0,0,59357,0.009891033172607422,0.009891033172607422,0.0,,,,,,,,,,,,,,59357.0,
skimage_sobel,skimage_canny,0.913791745431632,0.43233458651375334,0.5753997001196152,0.4937118737170777,0.3277672213585152,0.49371187371704195,0.32776722135848374,0.913791745431632,,18446744073709531974,0.7513639413156178,708342,44845,25203,34154,0.009891033172607422,0.03425455093383789,0.02436351776123047,,,,,,,,,,,,,,59357.0,78999.0
skimage_canny,sklearn_kmeans,0.5014928422337744,0.11000406669377796,0.5820959758984291,0.18503950473714814,0.10195235941504598,0.1850395047371444,0.10195235941504371,0.5014928422337744,418030.0,18446744073709212585,0.1889792598617279,361500,372045,33014,45985,0.03425455093383789,0.2684195041656494,0.23416495323181152,,,,,,,,,,,,,,,78999.0
skimage_canny,sklearn_dbscan,0.3496807557498425,0.05702159033560434,0.36614387523892705,0.09867585025833116,0.05189848888825094,0.09867585025832948,0.05189848888825,0.3496807557498425,,18446744073709123351,0.155735475018922,255206,478339,50074,28925,0.03425455093383789,0.8800466060638428,0.8457920551300049,507264.0,,,,,,,,,,,,,,78999.0
skimage_canny,sklearn_meanshift,0.10354639256458727,0.09784284753538178,1.0,0.17824563461889925,0.09784284753538178,0.17824563461889723,0.09784284753538057,0.10354639256458727,,18446744073708823208,0.09784284753538057,5137,728408,0,78999,0.03425455093383789,23.830256700515747,23.79600214958191,,807407.0,,,,,,,,,,,,,78999.0
skimage_canny,sklearn_gmm,0.6403973200220542,0.12071333518356425,0.42944847403131686,0.18845422100015277,0.10402951070008187,0.18845422100014753,0.10402951070007868,0.6403973200220542,,18446744073709349569,0.281089216711845,486425,247120,45073,33926,0.03425455093383789,6.027456521987915,5.993201971054077,,,281046.0,,,,,,,,,,,,78999.0
skimage_canny,skimage_felzenszwalb,0.18885131143667297,0.1069950204938857,0.9995696148052508,0.19329909525301583,0.10699009157804458,0.19329909525301345,0.10699009157804312,0.18885131143667297,,18446744073708892590,0.10704108939398926,74485,659060,34,78965,0.03425455093383789,0.6552712917327881,0.6210167407989502,,,,738025.0,,,,,,,,,,,78999.0
skimage_canny,skimage_slic,0.125471359089477,0.09363684325659799,0.9211255838681502,0.1699930734737405,0.09289203828120113,0.16999307347373854,0.09289203828119995,0.125471359089477,,18446744073708853485,0.10165480678908159,29183,704362,6231,72768,0.03425455093383789,0.421431303024292,0.3871767520904541,,,,,777130.0,,,,,,,,,,78999.0
skimage_canny,skimage_quickshift,0.09990228221487082,0.09738498036204926,0.998721502803833,0.17746537481794716,0.0973728412979919,0.17746537481794517,0.09737284129799069,0.09990228221487082,,18446744073708820449,0.09750964617127728,2277,731268,101,78898,0.03425455093383789,2.789076328277588,2.75482177734375,,,,,,810166.0,,,,,,,,,78999.0
skimage_canny,skimage_watershed,0.09722673479836169,0.09722451270211263,1.0,0.1772189949761144,0.09722451270211263,0.1772189949761124,0.09722451270211144,0.09722673479836169,,18446744073708818073,0.09722451270211144,2,733543,0,78999,0.03425455093383789,0.18480777740478516,0.15055322647094727,,,,,,,812542.0,,,,,,,,78999.0
skimage_canny,skimage_random_walker,0.22713108459357279,0.10584946218031283,0.9331257357688072,0.19013130914521384,0.10505254337286556,0.19013130914521137,0.10505254337286406,0.22713108459357279,,18446744073708934192,0.11343536902141207,110838,622707,5283,73716,0.03425455093383789,9.849873542785645,9.815618991851807,,,,,,,,696423.0,,,,,,,78999.0
skimage_canny,skimage_chan_vese,0.48475774850346565,0.08541688026989684,0.44291699894935377,0.14321469720876642,0.0771304560594471,0.14321469720876348,0.07713045605944541,0.48475774850346565,,18446744073709220977,0.19285076091573064,358897,374648,44009,34990,0.03425455093383789,3.852895736694336,3.818641185760498,,,,,,,,,409638.0,,,,,,78999.0
skimage_canny,skimage_active_contour,0.7580020281978576,0.08896187847234355,0.1611412802693705,0.11463614505569714,0.060803194436483826,0.11463614505569197,0.06080319443648092,0.7580020281978576,,18446744073709487520,0.5520737971277436,603180,130365,66269,12730,0.03425455093383789,0.26811981201171875,0.23386526107788086,,,,,,,,,,143095.0,,,,,78999.0
skimage_canny,skimage_threshold_otsu,0.522033268352237,0.10424651155650844,0.5157786807427942,0.17343852756453504,0.0949535672255689,0.17343852756453135,0.09495356722556669,0.522033268352237,,18446744073709239753,0.2021148129007117,383429,350116,38253,40746,0.03425455093383789,0.003046274185180664,0.031208276748657227,,,,,,,,,,,390862.0,,,,78999.0
skimage_canny,skimage_threshold_niblack,0.45733277213295526,0.10367610988471916,0.5992607501360777,0.17676985491661112,0.0969542190783195,0.17676985491660782,0.09695421907831751,0.45733277213295526,,18446744073709173991,0.1730066750762077,324262,409283,31658,47341,0.03425455093383789,0.02101421356201172,0.013240337371826172,,,,,,,,,,,,456624.0,,,78999.0
skimage_canny,skimage_threshold_sauvola,0.222117202268431,0.09104985056218491,0.7793516373624982,0.16305084745762713,0.08876176416312972,0.16305084745762496,0.08876176416312845,0.222117202268431,,18446744073708954414,0.11682768880850343,118912,614633,17431,61568,0.03425455093383789,0.02004694938659668,0.014207601547241211,,,,,,,,,,,,,676201.0,,78999.0
skimage_canny,skimage_sobel,0.913791745431632,0.5753997001196152,0.43233458651375334,0.4937118737170777,0.3277672213585152,0.49371187371704195,0.32776722135848374,0.913791745431632,,19642,0.7513639413156178,708342,25203,44845,34154,0.03425455093383789,0.009891033172607422,0.02436351776123047,,,,,,,,,,,,,,59357.0,78999.0
skimage_canny,skimage_canny,1.0,1.0,1.0,1.0,1.0,0.9999999999999366,0.9999999999998734,1.0,,0,0.9999999999998734,733545,0,0,78999,0.03425455093383789,0.03425455093383789,0.0,,,,,,,,,,,,,,,78999.0
